resolution,rho_means,vx_means,vy_means
64,-0.0087890625,0.0,0.010187308304011822
64,-0.01750052720308304,0.0,0.03038203716278076
64,-0.025863144546747208,0.0,0.059601616114377975
64,-0.033436451107263565,0.0,0.09518327564001083
64,-0.03978019952774048,0.0,0.13059477508068085
64,-0.043204452842473984,0.0,0.15908338129520416
64,-0.04419416934251785,0.0,0.16133050620555878
64,-0.047266289591789246,0.0,0.17686150968074799
64,-0.04947672784328461,0.0,0.19970139861106873
64,-0.05081092566251755,0.0,0.1971137970685959
64,-0.055069923400878906,0.0,0.2201005071401596
64,-0.05635891854763031,0.0,0.2343691885471344
64,-0.05946892499923706,0.0,0.24118690192699432
64,-0.06265649199485779,0.0,0.26467767357826233
64,-0.06437194347381592,0.0,0.2745760381221771
64,-0.0673413872718811,0.0,0.28739282488822937
64,-0.06962805986404419,0.0,0.31001922488212585
64,-0.07129709422588348,0.0,0.31781241297721863
64,-0.07470183074474335,0.0,0.33488258719444275
64,-0.07613825798034668,0.0,0.35583919286727905
64,-0.07862232625484467,0.0,0.3637631833553314
64,-0.08220604062080383,0.0,0.3857395648956299
64,-0.08374136686325073,0.0,0.40299859642982483
64,-0.08675919473171234,0.0,0.4146316945552826
64,-0.09014622122049332,0.0,0.4399455189704895
64,-0.09163186699151993,0.0,0.45471447706222534
64,-0.09444230794906616,0.0,0.46855729818344116
64,-0.09715883433818817,0.0,0.49471336603164673
64,-0.09868429601192474,0.0,0.5063027739524841
64,-0.10186837613582611,0.0,0.5243862271308899
64,-0.1037089079618454,0.0,0.5528334379196167
64,-0.10586876422166824,0.0,0.559744119644165
64,-0.10959594696760178,0.0,0.5832619071006775
64,-0.11103635281324387,0.0,0.6055416464805603
64,-0.11401930451393127,0.0,0.6179887652397156
64,-0.11770353466272354,0.0,0.6463962197303772
64,-0.1191561296582222,0.0,0.6665690541267395
64,-0.12181547284126282,0.0,0.6799933910369873
64,-0.1255873739719391,0.0,0.7093802690505981
64,-0.1266869753599167,0.0,0.728923499584198
64,-0.12923851609230042,0.0,0.7442764043807983
64,-0.1327713578939438,0.0,0.7740033268928528
64,-0.13394472002983093,0.0,0.7923990488052368
64,-0.13696417212486267,0.0,0.8103079199790955
64,-0.13967576622962952,0.0,0.8421079516410828
64,-0.14130228757858276,0.0,0.8571146726608276
64,-0.14487284421920776,0.0,0.877966046333313
64,-0.1470380425453186,0.0,0.9128861427307129
64,-0.14929543435573578,0.0,0.9241681098937988
64,-0.1528742015361786,0.0,0.9495752453804016
64,-0.15470567345619202,0.0,0.9812097549438477
64,-0.15701061487197876,0.0,0.9917775988578796
64,-0.16056275367736816,0.0,1.0217922925949097
64,-0.1618785262107849,0.0,1.0470963716506958
64,-0.16438838839530945,0.0,1.0620858669281006
64,-0.16821785271167755,0.0,1.0947036743164062
64,-0.16929110884666443,0.0,1.118821144104004
64,-0.1719093918800354,0.0,1.1368775367736816
64,-0.17563706636428833,0.0,1.1712309122085571
64,-0.17675593495368958,0.0,1.1943700313568115
64,-0.17992839217185974,0.0,1.213578224182129
64,-0.18321934342384338,0.0,1.2505401372909546
64,-0.18474572896957397,0.0,1.2729012966156006
64,-0.18784508109092712,0.0,1.2925961017608643
64,-0.19125792384147644,0.0,1.3316104412078857
64,-0.19279411435127258,0.0,1.352733850479126
64,-0.19581037759780884,0.0,1.3737250566482544
64,-0.1988821029663086,0.0,1.4123246669769287
64,-0.20023450255393982,0.0,1.4311065673828125
64,-0.20316272974014282,0.0,1.4547405242919922
64,-0.20581713318824768,0.0,1.4940788745880127
64,-0.2075422704219818,0.0,1.5094541311264038
64,-0.21082758903503418,0.0,1.5369681119918823
64,-0.21274301409721375,0.0,1.5789947509765625
64,-0.21455620229244232,0.0,1.588975429534912
64,-0.21477335691452026,0.0,1.6165680885314941
64,-0.2147560715675354,0.0,1.6143871545791626
64,-0.21477174758911133,0.0,1.6147466897964478
64,-0.21476909518241882,0.0,1.614687204360962
64,-0.21476954221725464,0.0,1.614696979522705
64,-0.21476948261260986,0.0,1.614695429801941
64,-0.21476948261260986,0.0,1.6146957874298096
64,-0.21476948261260986,0.0,1.61469566822052
64,-0.21476948261260986,0.0,1.61469566822052
64,-0.21476948261260986,0.0,1.61469566822052
64,-0.21476948261260986,0.0,1.61469566822052
64,-0.21476948261260986,0.0,1.61469566822052
64,-0.21476948261260986,0.0,1.61469566822052
64,-0.21476948261260986,0.0,1.61469566822052
64,-0.21476948261260986,0.0,1.61469566822052
64,-0.21476948261260986,0.0,1.61469566822052
64,-0.21476948261260986,0.0,1.61469566822052
64,-0.21476948261260986,0.0,1.61469566822052
64,-0.21476948261260986,0.0,1.61469566822052
64,-0.21476948261260986,0.0,1.61469566822052
64,-0.21476948261260986,0.0,1.61469566822052
64,-0.21476948261260986,0.0,1.61469566822052
64,-0.21476948261260986,0.0,1.61469566822052
64,-0.21476948261260986,0.0,1.61469566822052
64,-0.21476948261260986,0.0,1.61469566822052
128,-0.009228515438735485,0.0,0.01077959407120943
128,-0.01841629296541214,0.0,0.03224360570311546
128,-0.027420923113822937,0.0,0.06387219578027725
128,-0.03601117059588432,0.0,0.10425655543804169
128,-0.04395589604973793,0.0,0.14994072914123535
128,-0.05036788061261177,0.0,0.19735194742679596
128,-0.055400550365448,0.0,0.23552604019641876
128,-0.05866212025284767,0.0,0.2613125443458557
128,-0.058126628398895264,0.0,0.2594108581542969
128,-0.060648493468761444,0.0,0.2733478844165802
128,-0.06388556957244873,0.0,0.2945494055747986
128,-0.0640881136059761,0.0,0.29778507351875305
128,-0.06664780527353287,0.0,0.3162808120250702
128,-0.06881050765514374,0.0,0.32480189204216003
128,-0.07021164894104004,0.0,0.34352296590805054
128,-0.07228504121303558,0.0,0.35124608874320984
128,-0.07468041777610779,0.0,0.36216574907302856
128,-0.07650581747293472,0.0,0.3839786648750305
128,-0.0781121701002121,0.0,0.3890203535556793
128,-0.08055265247821808,0.0,0.4010905921459198
128,-0.08241646736860275,0.0,0.419839084148407
128,-0.08359621465206146,0.0,0.4302785098552704
128,-0.08573786914348602,0.0,0.44029954075813293
128,-0.08847589790821075,0.0,0.4587114453315735
128,-0.08952527493238449,0.0,0.4751059412956238
128,-0.09111964702606201,0.0,0.4829491972923279
128,-0.09394785761833191,0.0,0.4991735517978668
128,-0.09504280984401703,0.0,0.5195228457450867
128,-0.09680850803852081,0.0,0.5267176628112793
128,-0.09940935671329498,0.0,0.5412732362747192
128,-0.10110165178775787,0.0,0.5629231333732605
128,-0.1027323380112648,0.0,0.5724971294403076
128,-0.10516566038131714,0.0,0.5851914286613464
128,-0.10747207701206207,0.0,0.6070752143859863
128,-0.10875479876995087,0.0,0.6209349632263184
128,-0.11072318255901337,0.0,0.6306756138801575
128,-0.11333578824996948,0.0,0.6507882475852966
128,-0.11439788341522217,0.0,0.6702903509140015
128,-0.11614462733268738,0.0,0.6791648268699646
128,-0.11859388649463654,0.0,0.6962258815765381
128,-0.12001597881317139,0.0,0.7198954820632935
128,-0.12153460085391998,0.0,0.7277308106422424
128,-0.12415395677089691,0.0,0.74330735206604
128,-0.125658318400383,0.0,0.7670230865478516
128,-0.12715716660022736,0.0,0.7782891988754272
128,-0.12973707914352417,0.0,0.7921966910362244
128,-0.13194799423217773,0.0,0.816370964050293
128,-0.13326464593410492,0.0,0.8331011533737183
128,-0.13541875779628754,0.0,0.8439241647720337
128,-0.13814572989940643,0.0,0.8668286204338074
128,-0.13944323360919952,0.0,0.8890196084976196
128,-0.14107002317905426,0.0,0.8976573348045349
128,-0.14352084696292877,0.0,0.9168635606765747
128,-0.144939586520195,0.0,0.9424850344657898
128,-0.14644797146320343,0.0,0.9512354731559753
128,-0.14878350496292114,0.0,0.9680881500244141
128,-0.15064753592014313,0.0,0.9936069250106812
128,-0.15203320980072021,0.0,1.0060200691223145
128,-0.15424767136573792,0.0,1.0211381912231445
128,-0.15669380128383636,0.0,1.0464485883712769
128,-0.1577267348766327,0.0,1.0650346279144287
128,-0.15983617305755615,0.0,1.0774141550064087
128,-0.16246004402637482,0.0,1.1005761623382568
128,-0.16369134187698364,0.0,1.1254059076309204
128,-0.16556650400161743,0.0,1.1362420320510864
128,-0.1681261956691742,0.0,1.156356692314148
128,-0.1698213815689087,0.0,1.184999704360962
128,-0.17146624624729156,0.0,1.1970434188842773
128,-0.17389217019081116,0.0,1.2135530710220337
128,-0.17627917230129242,0.0,1.2417699098587036
128,-0.17747467756271362,0.0,1.260445237159729
128,-0.17941859364509583,0.0,1.2725306749343872
128,-0.18195626139640808,0.0,1.297572374343872
128,-0.1830560564994812,0.0,1.3222761154174805
128,-0.18482518196105957,0.0,1.3333641290664673
128,-0.18724015355110168,0.0,1.3551863431930542
128,-0.18872269988059998,0.0,1.3848273754119873
128,-0.19030442833900452,0.0,1.3950233459472656
128,-0.1927059292793274,0.0,1.414267659187317
128,-0.19452641904354095,0.0,1.4437671899795532
128,-0.19579638540744781,0.0,1.4586200714111328
128,-0.19826315343379974,0.0,1.4752516746520996
128,-0.20079824328422546,0.0,1.5044047832489014
128,-0.20193615555763245,0.0,1.5286115407943726
128,-0.20395001769065857,0.0,1.541928768157959
128,-0.20654067397117615,0.0,1.566118597984314
128,-0.20803727209568024,0.0,1.5981844663619995
128,-0.20975470542907715,0.0,1.609658122062683
128,-0.21226288378238678,0.0,1.6294174194335938
128,-0.2144327610731125,0.0,1.661194086074829
128,-0.21579976379871368,0.0,1.6794068813323975
128,-0.2179233431816101,0.0,1.6942535638809204
128,-0.22055584192276,0.0,1.723458170890808
128,-0.22157388925552368,0.0,1.7495862245559692
128,-0.22332444787025452,0.0,1.762115240097046
128,-0.22572816908359528,0.0,1.786773681640625
128,-0.22717735171318054,0.0,1.8191790580749512
128,-0.22876185178756714,0.0,1.8299576044082642
128,-0.2311360388994217,0.0,1.8515528440475464
128,-0.23305165767669678,0.0,1.8836122751235962
256,-0.009613037109375,0.0,0.011272436007857323
256,-0.01920570433139801,0.0,0.03376953303813934
256,-0.02870679646730423,0.0,0.06723036617040634
256,-0.03800070285797119,0.0,0.11094778031110764
256,-0.046971846371889114,0.0,0.16318707168102264
256,-0.055176615715026855,0.0,0.222154900431633
256,-0.06269172579050064,0.0,0.2823479175567627
256,-0.06932128965854645,0.0,0.3421846330165863
256,-0.07394016534090042,0.0,0.39294373989105225
256,-0.07704576849937439,0.0,0.42490559816360474
256,-0.078267402946949,0.0,0.4339103698730469
256,-0.0788084864616394,0.0,0.439973920583725
256,-0.08112481236457825,0.0,0.46396395564079285
256,-0.08197734504938126,0.0,0.46187305450439453
256,-0.08437339961528778,0.0,0.48470669984817505
256,-0.08539529144763947,0.0,0.4992043375968933
256,-0.08623472601175308,0.0,0.49901947379112244
256,-0.08835646510124207,0.0,0.5142000317573547
256,-0.08954867720603943,0.0,0.5208920240402222
256,-0.09095102548599243,0.0,0.5425222516059875
256,-0.09196095168590546,0.0,0.5446044206619263
256,-0.09375223517417908,0.0,0.5541983246803284
256,-0.09564266353845596,0.0,0.5690312385559082
256,-0.09664292633533478,0.0,0.5842601656913757
256,-0.09790252149105072,0.0,0.5922139883041382
256,-0.09948523342609406,0.0,0.5995290279388428
256,-0.10135594755411148,0.0,0.6143987774848938
256,-0.10220560431480408,0.0,0.6302224397659302
256,-0.10325285792350769,0.0,0.6378286480903625
256,-0.10491043329238892,0.0,0.645667552947998
256,-0.10669347643852234,0.0,0.6602721810340881
256,-0.10764549672603607,0.0,0.6767240166664124
256,-0.10873307287693024,0.0,0.6850669980049133
256,-0.11021802574396133,0.0,0.6929307579994202
256,-0.11211633682250977,0.0,0.707993745803833
256,-0.11308840662240982,0.0,0.7249345183372498
256,-0.11414879560470581,0.0,0.7327227592468262
256,-0.11581674963235855,0.0,0.7414922714233398
256,-0.11755508929491043,0.0,0.7570745348930359
256,-0.118563711643219,0.0,0.77447509765625
256,-0.11974173784255981,0.0,0.7827293872833252
256,-0.12150827050209045,0.0,0.7914278507232666
256,-0.12328322231769562,0.0,0.8077636957168579
256,-0.12432681024074554,0.0,0.8255668878555298
256,-0.12551812827587128,0.0,0.834571361541748
256,-0.12710458040237427,0.0,0.8429209589958191
256,-0.12901771068572998,0.0,0.8596405386924744
256,-0.13010068237781525,0.0,0.8778368234634399
256,-0.13115990161895752,0.0,0.8860956430435181
256,-0.1326501965522766,0.0,0.8947005867958069
256,-0.13441652059555054,0.0,0.911111056804657
256,-0.13534578680992126,0.0,0.9294541478157043
256,-0.13642433285713196,0.0,0.9385901689529419
256,-0.1379438042640686,0.0,0.947672426700592
256,-0.1398019790649414,0.0,0.9643781781196594
256,-0.1407688558101654,0.0,0.9832088947296143
256,-0.14189743995666504,0.0,0.9921084046363831
256,-0.14342986047267914,0.0,1.0017560720443726
256,-0.14533275365829468,0.0,1.0191210508346558
256,-0.14615368843078613,0.0,1.0382373332977295
256,-0.14730681478977203,0.0,1.047242522239685
256,-0.149042546749115,0.0,1.0571764707565308
256,-0.15079434216022491,0.0,1.0749890804290771
256,-0.15180882811546326,0.0,1.0946362018585205
256,-0.15298248827457428,0.0,1.1042842864990234
256,-0.15472747385501862,0.0,1.1139647960662842
256,-0.1565210521221161,0.0,1.1323579549789429
256,-0.15756872296333313,0.0,1.1523820161819458
256,-0.15875259041786194,0.0,1.162796139717102
256,-0.16032889485359192,0.0,1.1721423864364624
256,-0.16222622990608215,0.0,1.1908329725265503
256,-0.1633101999759674,0.0,1.2112241983413696
256,-0.1644027829170227,0.0,1.2205029726028442
256,-0.16587534546852112,0.0,1.2300969362258911
256,-0.16763262450695038,0.0,1.2483786344528198
256,-0.16855765879154205,0.0,1.2687889337539673
256,-0.16963596642017365,0.0,1.278926968574524
256,-0.17123465240001678,0.0,1.2892907857894897
256,-0.17304262518882751,0.0,1.307753562927246
256,-0.1740039885044098,0.0,1.3286104202270508
256,-0.1751081347465515,0.0,1.33901846408844
256,-0.1766122430562973,0.0,1.3494842052459717
256,-0.17851315438747406,0.0,1.3684436082839966
256,-0.17949017882347107,0.0,1.3897291421890259
256,-0.18055307865142822,0.0,1.3998992443084717
256,-0.18218675255775452,0.0,1.410953164100647
256,-0.1839483380317688,0.0,1.4302393198013306
256,-0.18494153022766113,0.0,1.4518846273422241
256,-0.1861007660627365,0.0,1.4625815153121948
256,-0.18783265352249146,0.0,1.4732661247253418
256,-0.1896144598722458,0.0,1.4935036897659302
256,-0.1906449943780899,0.0,1.515468716621399
256,-0.19181331992149353,0.0,1.5268865823745728
256,-0.1933944672346115,0.0,1.5372904539108276
256,-0.19525933265686035,0.0,1.5578316450119019
256,-0.1963193714618683,0.0,1.5802075862884521
256,-0.19754257798194885,0.0,1.5909653902053833
256,-0.19916896522045135,0.0,1.6019842624664307
256,-0.20101337134838104,0.0,1.6229982376098633
256,-0.20192182064056396,0.0,1.6452763080596924
512,-0.00992202665656805,0.0,0.011657442897558212
512,-0.019833749160170555,0.0,0.034948110580444336
512,-0.029699141159653664,0.0,0.06973975151777267
512,-0.039459697902202606,0.0,0.11567383259534836
512,-0.04905696213245392,0.0,0.17187099158763885
512,-0.058266475796699524,0.0,0.2374221384525299
512,-0.06712706387042999,0.0,0.3095373809337616
512,-0.07553958147764206,0.0,0.38741499185562134
512,-0.08293481171131134,0.0,0.4666338860988617
512,-0.08956438302993774,0.0,0.5422667860984802
512,-0.09524061530828476,0.0,0.6122027635574341
512,-0.09917102009057999,0.0,0.6694362163543701
512,-0.10159837454557419,0.0,0.7020958662033081
512,-0.1022876724600792,0.0,0.7063018679618835
512,-0.10331842303276062,0.0,0.7135044932365417
512,-0.10516133904457092,0.0,0.7431306838989258
512,-0.1052018404006958,0.0,0.7393221259117126
512,-0.10684564709663391,0.0,0.7556989192962646
512,-0.1078822910785675,0.0,0.7618035674095154
512,-0.10904059559106827,0.0,0.7728369235992432
512,-0.11015410721302032,0.0,0.790215253829956
512,-0.11046673357486725,0.0,0.789640486240387
512,-0.1119052916765213,0.0,0.8035635352134705
512,-0.11278017610311508,0.0,0.8054056763648987
512,-0.11406157910823822,0.0,0.8221113085746765
512,-0.11473649740219116,0.0,0.8316996693611145
512,-0.11560308933258057,0.0,0.8407161235809326
512,-0.11670033633708954,0.0,0.8458359241485596
512,-0.11787216365337372,0.0,0.8554233312606812
512,-0.1189005896449089,0.0,0.8679167628288269
512,-0.11969630420207977,0.0,0.8802339434623718
512,-0.12058179080486298,0.0,0.8870193958282471
512,-0.12165580689907074,0.0,0.8926105499267578
512,-0.12290811538696289,0.0,0.9039334058761597
512,-0.12382074445486069,0.0,0.9164807796478271
512,-0.12464118748903275,0.0,0.9281736016273499
512,-0.12555889785289764,0.0,0.9331009387969971
512,-0.12665390968322754,0.0,0.9407306909561157
512,-0.12783972918987274,0.0,0.952784538269043
512,-0.12864503264427185,0.0,0.9654513001441956
512,-0.1293855458498001,0.0,0.9775119423866272
512,-0.1302792876958847,0.0,0.9825640916824341
512,-0.1313987374305725,0.0,0.9902336597442627
512,-0.13262246549129486,0.0,1.002507209777832
512,-0.13343480229377747,0.0,1.015473484992981
512,-0.1341942995786667,0.0,1.027160406112671
512,-0.1351294368505478,0.0,1.0322600603103638
512,-0.13624665141105652,0.0,1.0407111644744873
512,-0.13748785853385925,0.0,1.0533701181411743
512,-0.13830822706222534,0.0,1.0666186809539795
512,-0.13908475637435913,0.0,1.0782716274261475
512,-0.13995777070522308,0.0,1.0833451747894287
512,-0.14118357002735138,0.0,1.0921729803085327
512,-0.14234259724617004,0.0,1.105210781097412
512,-0.1431804895401001,0.0,1.1186565160751343
512,-0.14396962523460388,0.0,1.1308034658432007
512,-0.14493334293365479,0.0,1.136157751083374
512,-0.14613351225852966,0.0,1.1448661088943481
512,-0.1473437398672104,0.0,1.1581494808197021
512,-0.1481999009847641,0.0,1.1718555688858032
512,-0.14900198578834534,0.0,1.184468150138855
512,-0.1499711573123932,0.0,1.1899821758270264
512,-0.1511257141828537,0.0,1.1985771656036377
512,-0.15239155292510986,0.0,1.2121210098266602
512,-0.1532624214887619,0.0,1.2260924577713013
512,-0.1540786623954773,0.0,1.2389345169067383
512,-0.15506267547607422,0.0,1.2445175647735596
512,-0.15618997812271118,0.0,1.2531441450119019
512,-0.15741553902626038,0.0,1.2667255401611328
512,-0.1582016497850418,0.0,1.2806943655014038
512,-0.15891845524311066,0.0,1.2938376665115356
512,-0.15980440378189087,0.0,1.2993313074111938
512,-0.16098351776599884,0.0,1.3079885244369507
512,-0.16217675805091858,0.0,1.3214404582977295
512,-0.16299475729465485,0.0,1.3356974124908447
512,-0.1637437343597412,0.0,1.3493283987045288
512,-0.16464190185070038,0.0,1.3551872968673706
512,-0.16573472321033478,0.0,1.3637144565582275
512,-0.16698001325130463,0.0,1.3774241209030151
512,-0.16779804229736328,0.0,1.3919684886932373
512,-0.16856545209884644,0.0,1.404849886894226
512,-0.16951413452625275,0.0,1.410653829574585
512,-0.1706399768590927,0.0,1.4201534986495972
512,-0.1718878298997879,0.0,1.4345142841339111
512,-0.17268085479736328,0.0,1.449251651763916
512,-0.17343565821647644,0.0,1.4623692035675049
512,-0.1743602454662323,0.0,1.4682245254516602
512,-0.17559146881103516,0.0,1.4779150485992432
512,-0.17675979435443878,0.0,1.492443561553955
512,-0.17760397493839264,0.0,1.5074143409729004
512,-0.1783951371908188,0.0,1.5211087465286255
512,-0.17935457825660706,0.0,1.5271973609924316
512,-0.18051791191101074,0.0,1.5366462469100952
512,-0.18175679445266724,0.0,1.5514177083969116
512,-0.18261313438415527,0.0,1.5666431188583374
512,-0.18341746926307678,0.0,1.5804696083068848
512,-0.1843929886817932,0.0,1.5866672992706299
512,-0.18555103242397308,0.0,1.5963630676269531
512,-0.1868169754743576,0.0,1.6114027500152588
512,-0.18768805265426636,0.0,1.6268728971481323
1024,-0.0099220285192132,0.0,0.011668815277516842
1024,-0.019838903099298477,0.0,0.034994326531887054
1024,-0.029732609167695045,0.0,0.06991034746170044
1024,-0.03957390785217285,0.0,0.11623742431402206
1024,-0.04933355003595352,0.0,0.1735355108976364
1024,-0.05889931693673134,0.0,0.24134944379329681
1024,-0.06829062104225159,0.0,0.31828323006629944
1024,-0.07745791226625443,0.0,0.4039352536201477
1024,-0.08611653745174408,0.0,0.4960930347442627
1024,-0.0943923220038414,0.0,0.5922903418540955
1024,-0.10219145566225052,0.0,0.6914709806442261
1024,-0.10911766439676285,0.0,0.7901282906532288
1024,-0.11529237031936646,0.0,0.882321834564209
1024,-0.12059804052114487,0.0,0.9661083221435547
1024,-0.12486571818590164,0.0,1.0378553867340088
1024,-0.1276770383119583,0.0,1.0905282497406006
1024,-0.12905390560626984,0.0,1.116388201713562
1024,-0.12894035875797272,0.0,1.106691598892212
1024,-0.1304967999458313,0.0,1.128504991531372
1024,-0.13173319399356842,0.0,1.146837592124939
1024,-0.13180255889892578,0.0,1.141822099685669
1024,-0.13324150443077087,0.0,1.1685564517974854
1024,-0.1331615447998047,0.0,1.1633981466293335
1024,-0.1344115138053894,0.0,1.1842892169952393
1024,-0.1347784548997879,0.0,1.1817420721054077
1024,-0.1358296275138855,0.0,1.1940221786499023
1024,-0.13661642372608185,0.0,1.2020965814590454
1024,-0.13720984756946564,0.0,1.2089921236038208
1024,-0.13803648948669434,0.0,1.2221274375915527
1024,-0.1383959800004959,0.0,1.2269113063812256
1024,-0.13910886645317078,0.0,1.2377537488937378
1024,-0.13970322906970978,0.0,1.239367961883545
1024,-0.1405537873506546,0.0,1.2474324703216553
1024,-0.1413041353225708,0.0,1.2564847469329834
1024,-0.142001211643219,0.0,1.2657923698425293
1024,-0.14264219999313354,0.0,1.2753046751022339
1024,-0.1432185024023056,0.0,1.284834861755371
1024,-0.14382502436637878,0.0,1.2908557653427124
1024,-0.14456398785114288,0.0,1.2950083017349243
1024,-0.14534226059913635,0.0,1.3032623529434204
1024,-0.14613687992095947,0.0,1.3127585649490356
1024,-0.1468358039855957,0.0,1.3222699165344238
1024,-0.14746984839439392,0.0,1.3318517208099365
1024,-0.14805522561073303,0.0,1.3417073488235474
1024,-0.14867836236953735,0.0,1.3470075130462646
1024,-0.14939655363559723,0.0,1.351484775543213
1024,-0.1502334326505661,0.0,1.3603910207748413
1024,-0.15100392699241638,0.0,1.370043396949768
1024,-0.15169622004032135,0.0,1.379707932472229
1024,-0.1523224115371704,0.0,1.3894644975662231
1024,-0.15288496017456055,0.0,1.3991941213607788
1024,-0.1534990817308426,0.0,1.4033108949661255
1024,-0.15420466661453247,0.0,1.4086949825286865
1024,-0.15496084094047546,0.0,1.4180275201797485
1024,-0.15563638508319855,0.0,1.4277695417404175
1024,-0.15623918175697327,0.0,1.4375522136688232
1024,-0.15679165720939636,0.0,1.4476054906845093
1024,-0.1573769599199295,0.0,1.4532828330993652
1024,-0.15810301899909973,0.0,1.4578253030776978
1024,-0.158857062458992,0.0,1.4666308164596558
1024,-0.15957820415496826,0.0,1.4765430688858032
1024,-0.16020505130290985,0.0,1.4864652156829834
1024,-0.16077198088169098,0.0,1.4965654611587524
1024,-0.16134440898895264,0.0,1.5038940906524658
1024,-0.16203773021697998,0.0,1.5079904794692993
1024,-0.16279153525829315,0.0,1.5159862041473389
1024,-0.1635865569114685,0.0,1.526017427444458
1024,-0.16426445543766022,0.0,1.536071538925171
1024,-0.1648765355348587,0.0,1.5461653470993042
1024,-0.16544149816036224,0.0,1.5565557479858398
1024,-0.1660466492176056,0.0,1.5619968175888062
1024,-0.16674821078777313,0.0,1.5668388605117798
1024,-0.1675645411014557,0.0,1.576158881187439
1024,-0.1682709902524948,0.0,1.5863354206085205
1024,-0.1689014732837677,0.0,1.596509337425232
1024,-0.16947948932647705,0.0,1.606864333152771
1024,-0.17006078362464905,0.0,1.6149585247039795
1024,-0.17075376212596893,0.0,1.61913001537323
1024,-0.1715511977672577,0.0,1.6270002126693726
1024,-0.1723261922597885,0.0,1.6372746229171753
1024,-0.17302750051021576,0.0,1.6475931406021118
1024,-0.17366434633731842,0.0,1.6579586267471313
1024,-0.17424644529819489,0.0,1.6685607433319092
1024,-0.174851194024086,0.0,1.675205945968628
1024,-0.1755901575088501,0.0,1.679810643196106
1024,-0.1763693243265152,0.0,1.6888831853866577
1024,-0.17717218399047852,0.0,1.699334740638733
1024,-0.1778784841299057,0.0,1.7098263502120972
1024,-0.178520068526268,0.0,1.7203537225723267
1024,-0.1791083663702011,0.0,1.7311328649520874
1024,-0.17972229421138763,0.0,1.7376923561096191
1024,-0.18042485415935516,0.0,1.7423187494277954
1024,-0.18125955760478973,0.0,1.7517715692520142
1024,-0.1820642501115799,0.0,1.7623792886734009
1024,-0.18277929723262787,0.0,1.7730023860931396
1024,-0.18342813849449158,0.0,1.783655047416687
1024,-0.18399977684020996,0.0,1.7944881916046143
1024,-0.18457162380218506,0.0,1.8012337684631348
1024,-0.1852274239063263,0.0,1.8057067394256592
1024,-0.18598313629627228,0.0,1.8149954080581665
2048,-0.00995120033621788,0.0,0.01170885656028986
2048,-0.019899817183613777,0.0,0.035120461136102676
2048,-0.029836872592568398,0.0,0.07020166516304016
2048,-0.039747532457113266,0.0,0.11686227470636368
2048,-0.04961734637618065,0.0,0.17488159239292145
2048,-0.05938996002078056,0.0,0.24403180181980133
2048,-0.06907503306865692,0.0,0.32361117005348206
2048,-0.07864762097597122,0.0,0.413420170545578
2048,-0.08796539902687073,0.0,0.5123468637466431
2048,-0.09709102660417557,0.0,0.619154691696167
2048,-0.10597757995128632,0.0,0.7333143353462219
2048,-0.11442665755748749,0.0,0.8530652523040771
2048,-0.12249848991632462,0.0,0.9754279255867004
2048,-0.1301349401473999,0.0,1.0994250774383545
2048,-0.13725054264068604,0.0,1.2232377529144287
2048,-0.1436357945203781,0.0,1.3433350324630737
2048,-0.14930197596549988,0.0,1.455834984779358
2048,-0.15421271324157715,0.0,1.5561888217926025
2048,-0.15825486183166504,0.0,1.642732858657837
2048,-0.1613188236951828,0.0,1.7111719846725464
2048,-0.16323843598365784,0.0,1.755552053451538
2048,-0.16391567885875702,0.0,1.770258903503418
2048,-0.16367293894290924,0.0,1.7599314451217651
2048,-0.16517966985702515,0.0,1.796695590019226
2048,-0.1655316799879074,0.0,1.798124074935913
2048,-0.16607548296451569,0.0,1.802379846572876
2048,-0.16680499911308289,0.0,1.8158140182495117
2048,-0.1670151650905609,0.0,1.8141812086105347
2048,-0.1679857075214386,0.0,1.8336347341537476
2048,-0.1679592877626419,0.0,1.8262486457824707
2048,-0.16906887292861938,0.0,1.8494086265563965
2048,-0.1691129356622696,0.0,1.8439596891403198
2048,-0.1700582206249237,0.0,1.8629882335662842
2048,-0.1703195422887802,0.0,1.863105058670044
2048,-0.17097830772399902,0.0,1.8744513988494873
2048,-0.1714538335800171,0.0,1.8804666996002197
2048,-0.1719484180212021,0.0,1.8873379230499268
2048,-0.17249877750873566,0.0,1.895525336265564
2048,-0.17298205196857452,0.0,1.9020109176635742
2048,-0.1735166609287262,0.0,1.9098477363586426
2048,-0.17400236427783966,0.0,1.9169081449508667
2048,-0.17451472580432892,0.0,1.9242990016937256
2048,-0.17502900958061218,0.0,1.9316587448120117
2048,-0.17554208636283875,0.0,1.938983678817749
2048,-0.17605800926685333,0.0,1.946380615234375
2048,-0.17657296359539032,0.0,1.9537461996078491
2048,-0.17708934843540192,0.0,1.9611464738845825
2048,-0.17760582268238068,0.0,1.9685465097427368
2048,-0.17812320590019226,0.0,1.9759663343429565
2048,-0.17864079773426056,0.0,1.9833909273147583
2048,-0.17915906012058258,0.0,1.9908313751220703
2048,-0.17967794835567474,0.0,1.9982842206954956
2048,-0.18019689619541168,0.0,2.005739212036133
2048,-0.18071699142456055,0.0,2.0132222175598145
2048,-0.1812368482351303,0.0,2.0206985473632812
2048,-0.18175770342350006,0.0,2.028200149536133
2048,-0.1822788417339325,0.0,2.035707950592041
2048,-0.18280033767223358,0.0,2.0432231426239014
2048,-0.18332262337207794,0.0,2.050760269165039
2048,-0.1838449239730835,0.0,2.0582969188690186
2048,-0.18436796963214874,0.0,2.0658528804779053
2048,-0.18489141762256622,0.0,2.0734190940856934
2048,-0.1854151487350464,0.0,2.080991268157959
2048,-0.18593962490558624,0.0,2.0885837078094482
2048,-0.1864643096923828,0.0,2.096179723739624
2048,-0.18698935210704803,0.0,2.103787899017334
2048,-0.18751516938209534,0.0,2.1114113330841064
2048,-0.18803955614566803,0.0,2.11902117729187
2048,-0.188543438911438,0.0,2.1266226768493652
2048,-0.18902531266212463,0.0,2.1341912746429443
2048,-0.18952490389347076,0.0,2.1417853832244873
2048,-0.19002874195575714,0.0,2.1493985652923584
2048,-0.19053253531455994,0.0,2.157015323638916
2048,-0.19103720784187317,0.0,2.1646692752838135
2048,-0.1915418803691864,0.0,2.172325849533081
2048,-0.19204705953598022,0.0,2.1799960136413574
2048,-0.1925528198480606,0.0,2.187682628631592
2048,-0.19305866956710815,0.0,2.1953701972961426
2048,-0.19356520473957062,0.0,2.203078269958496
2048,-0.19407208263874054,0.0,2.2107932567596436
2048,-0.1945790797472,0.0,2.218515157699585
2048,-0.19508695602416992,0.0,2.226259231567383
2048,-0.19559480249881744,0.0,2.2340009212493896
2048,-0.19610333442687988,0.0,2.2417638301849365
2048,-0.19661223888397217,0.0,2.249534845352173
2048,-0.197121262550354,0.0,2.257309913635254
2048,-0.19763121008872986,0.0,2.2651121616363525
2048,-0.19814099371433258,0.0,2.2729063034057617
2048,-0.19865161180496216,0.0,2.280726194381714
2048,-0.19916242361068726,0.0,2.288550615310669
2048,-0.19967354834079742,0.0,2.2963833808898926
2048,-0.2001853883266449,0.0,2.304237127304077
2048,-0.20069728791713715,0.0,2.3120906352996826
2048,-0.20120973885059357,0.0,2.319962501525879
2048,-0.20172271132469177,0.0,2.327845573425293
2048,-0.20223568379878998,0.0,2.335731267929077
2048,-0.20274950563907623,0.0,2.3436391353607178
2048,-0.203263521194458,0.0,2.351551055908203
2048,-0.2037636935710907,0.0,2.3594565391540527
2048,-0.20426690578460693,0.0,2.3673806190490723
